Yarn_ID,spec_key,Inventory,On_Order,Allocated,Planning_Ballance,Cost_Pound,Total_Cast,Supplier,Description,Blend,Type,Color,Desc_1,Desc_2,Desc_3,Supplier_ID
6938.0,1/150/48|100%|Polyester|Natural,811.0,0.0,0.0,811.0,1.05,851.55,UNIFI,1/150/48,100%,Polyester,Natural,NONTS,,,36.0
7716.0,24/1|100%|Combed Cotton|Natural,135.56,0.0,0.0,107.74,2.31,-248.87478,PARKDALE YARN MILLS,24/1,100%,Combed Cotton,Natural,NAT,RS,,27.0
10742.0,1/150/48|100%|Polyester|LTCUPRBEI,1082.9,0.0,0.0,1082.9,7.88,8533.252,UNIFI,1/150/48,100%,Polyester,LTCUPRBEI,1%,,,36.0
11104.0,1/75/72|100%|Polyester|Natural,175.7,0.0,0.0,175.7,1.01,177.4552642,CS AMERICA,1/75/72,100%,Polyester,Natural,Grade,SET,,9.0
11344.0,2/70/68|100%|Nylon|FD,1751.46,0.0,0.0,1751.46,4.58,8021.708546,UNIFI,2/70/68,100%,Nylon,FD,T66STR,,,36.0
11429.0,1/150/48|100%|Polyester|Blue,1047.0,0.0,0.0,1047.0,3.7,3873.9,OMARA TEXTILES,1/150/48,100%,Polyester,Blue,LIGHT,U324,,26.0
11461.0,1/150/48|100%|Polyester|PALEGREEN,731.0,0.0,0.0,731.0,2.7,1973.7,SPDY,1/150/48,100%,Polyester,PALEGREEN,11247,,,
11536.0,1/150/48|100%|Polyester|ROBINSEGG,357.7,0.0,0.0,357.7,1.92,686.784,BURLINGTON MANUFACTURING SERVICE,1/150/48,100%,Polyester,ROBINSEGG,340320,,,
11570.0,1/150/48|100%|Polyester|SANDAL,767.0,0.0,0.0,767.0,3.6,2761.2,OMARA TEXTILES,1/150/48,100%,Polyester,SANDAL,U249,,,26.0
11798.0,1/150/48|100%|Polyester|BUFF,32.0,0.0,0.0,32.0,3.45,110.4,OMAR,1/150/48,100%,Polyester,BUFF,,,,
11927.0,2/300/68|100%|Polyester|Natural,11354.9,0.0,0.0,11354.9,1.14,12944.586,UNIFI,2/300/68,100%,Polyester,Natural,Non-Compliant,STRTS,,36.0
11937.0,1/145/34|100%|Polyester|BROWN,514.0,0.0,0.0,514.0,2.63,1351.82,OMARA TEXTILES,1/145/34,100%,Polyester,BROWN,J360,,,26.0
11942.0,1/167/46|100%|Polyester|RAGGIO,577.0,0.0,0.0,577.0,3.63,2094.51,AMES (Do not Use),1/167/46,100%,Polyester,RAGGIO,,,,
11967.0,1/150/48|100%|Polyester|Merrimack,707.35,885.0,0.0,1592.35,3.7,5891.676641,OMARA TEXTILES,1/150/48,100%,Polyester,Merrimack,A368,,,26.0
11999.0,1/150/48|100%|Polyester|CAFEAULAT,50162.21,0.0,0.0,50156.55,3.91,196112.1006,UNIFI,1/150/48,100%,Polyester,CAFEAULAT,9430L,,,36.0
12047.0,1/150/48|100%|Polyester|Silver,706.69,3000.0,0.0,3313.43,3.33,11033.71096,OMARA TEXTILES,1/150/48,100%,Polyester,Silver,FLTBRT,,,26.0
12116.0,1/150/48|100%|Polyester|GRASLANDS,224.8,0.0,0.0,224.8,2.83,636.1859923,UNIFI,1/150/48,100%,Polyester,GRASLANDS,0831M,,,36.0
12134.0,1/145/34|Polyester|Polyester|CARMELTAN,134.0,0.0,0.0,134.0,3.2,428.8,OMARA TEXTILES,1/145/34,Polyester,Polyester,CARMELTAN,662,,,26.0
12205.0,20/1|100%|Polyester|Natural,160.0,0.0,0.0,160.0,1.53,244.8,KC TEX INC,20/1,100%,Polyester,Natural,,,,17.0
12306.0,1/150/48|100%|Polyester|COPPER,542.3,0.0,0.0,542.3,2.71,1469.633,NASP,1/150/48,100%,Polyester,COPPER,407J,,,
12308.0,1/150/48|100%|Polyester|SAND,548.9,0.0,0.0,548.9,2.85,1564.365,NASP,1/150/48,100%,Polyester,SAND,015K,,,
12329.0,30/1|90/10|Tencel/Silk|Natural,416.9,0.0,0.0,416.9,7.25,3022.525,FILSPEC Yarns,30/1,90/10,Tencel/Silk,Natural,SILK,,,14.0
12445.0,24/1|100%|Karded Cotton|Natural,71.0,0.0,0.0,71.0,2.16,153.36,KC TEX INC,24/1,100%,Karded Cotton,Natural,NAT,ORGANI,,17.0
12526.0,1/300/68|100%|Polyester|Natural,3978.8,30000.0,0.0,31688.76,1.14,36125.18776,UNIFI,1/300/68,100%,Polyester,Natural,Non-Compliant,STRNTS,,36.0
14148.0,1/150/48|100%|Polyester|COOL GREY,11299.71,0.0,0.0,10791.4,3.2,34532.47657,MERIDIAN SPECIALTY YARN GROUP INC,1/150/48,100%,Polyester,COOL GREY,GREY,COOL GREY,,18.0
18039.0,1/150/48|100%|Polyester|Daybreak,124.0,0.0,0.0,124.0,2.69,333.56,OMARA TEXTILES,1/150/48,100%,Polyester,Daybreak,,,,26.0
18047.0,1/150/48|100%|Polyester|Pewter,577.85,0.0,0.0,577.85,3.74,2161.151827,OMARA TEXTILES,1/150/48,100%,Polyester,Pewter,,,,26.0
18077.0,20/1|100%|Polyester|Natural,252.0,0.0,0.0,252.0,1.56,393.12,KC TEX INC,20/1,100%,Polyester,Natural,OB,RS,,17.0
18086.0,30/1|100%|Rayon|Natural,930.08,0.0,0.0,930.08,2.16,2008.974744,KC TEX INC,30/1,100%,Rayon,Natural,,,,17.0
18097.0,30/1|100%|Rayon|Natural,150.0,0.0,0.0,150.0,1.45,217.5,"EDPA USA, LLC",30/1,100%,Rayon,Natural,RS,,,12.0
18101.0,1/167/48|100%|Polyester|FB,239.0,0.0,0.0,239.0,0.79,188.81,NORMTEX,1/167/48,100%,Polyester,FB,TRILOB,,,
18109.0,20/1|100%|Karded Cotton|Natural,200.0,0.0,0.0,200.0,2.77,554.0,KC TEX INC,20/1,100%,Karded Cotton,Natural,NAT,ORGANI,RS,17.0
18110.0,30/1|100%|Combed Cotton|Natural,90.0,0.0,0.0,90.0,3.71,333.9,KC TEX INC,30/1,100%,Combed Cotton,Natural,NAT,ORGANI,RS,17.0
18133.0,1/150/48|100%|Polyester|MOKKA,1592.0,0.0,0.0,1592.0,3.98,6336.16,OMARA TEXTILES,1/150/48,100%,Polyester,MOKKA,J133,,,26.0
18139.0,1/150/48|100%|Polyester|Blue,704.06,0.0,0.0,704.06,2.8,1971.370159,MERIDIAN SPECIALTY YARN GROUP INC,1/150/48,100%,Polyester,Blue,142,,,18.0
18142.0,1/150/48|100%|Polyester|JAVA,399.0,0.0,0.0,399.0,3.2,1276.8,OMARA TEXTILES,1/150/48,100%,Polyester,JAVA,JAVA,U614,,26.0
18143.0,1/150/48|100%|Polyester|PENNY,635.85,0.0,0.0,635.85,3.49,2219.116136,OMARA TEXTILES,1/150/48,100%,Polyester,PENNY,U622,,,26.0
18145.0,1/150/48|100%|Polyester|Pewter,408.0,0.0,0.0,408.0,2.68,1093.44,KC TEX INC,1/150/48,100%,Polyester,Pewter,PEWTER,KC PEWTER,,17.0
18150.0,30/1|100%|Bamboo|Natural,1363.0,0.0,0.0,1363.0,2.26,3080.38,KC TEX INC,30/1,100%,Bamboo,Natural,RS,,,17.0
18153.0,1/150/48|100%|Polyester|LAVENDER,310.0,0.0,0.0,310.0,2.9,899.0,MERIDIAN SPECIALTY YARN GROUP INC,1/150/48,100%,Polyester,LAVENDER,,,,18.0
18164.0,1/150/48|100%|Polyester|GLACRGREY,2436.97,0.0,0.0,1871.31,3.36,6287.618258,MERIDIAN SPECIALTY YARN GROUP INC,1/150/48,100%,Polyester,GLACRGREY,,,,18.0
18184.0,1/150/48|100%|Polyester|CAPRI,1354.25,1019.0,0.0,2373.25,3.69,8757.293354,OMARA TEXTILES,1/150/48,100%,Polyester,CAPRI,U640,,,26.0
18188.0,1/150/48|100%|Polyester|Natural,74.0,0.0,0.0,74.0,1.2,88.8,AKRA POLYESTER GROUP/DAK,1/150/48,100%,Polyester,Natural,F,TANG,,
18208.0,2/70/130|100%|Polyester|HEATHER,704.72,2500.0,0.0,2952.22,2.6,7675.761032,UNIFI,2/70/130,100%,Polyester,HEATHER,SET,TS,,36.0
18228.0,1/75/36|100%|Polyester|Black,4136.21,0.0,0.0,4136.21,1.25,5170.258115,NORMTEX,1/75/36,100%,Polyester,Black,SOLDY,SETNTS,,
18229.0,1/150/48|100%|Polyester|LT GREY,389.09,0.0,0.0,383.43,3.3,1265.328084,MERIDIAN SPECIALTY YARN GROUP INC,1/150/48,100%,Polyester,LT GREY,GREY,LT GREY,,18.0
18232.0,4/330/72|100%|Polyester|Natural,95.12,0.0,0.0,95.12,1.0,95.118898,PROMPTEX YARNS INC,4/330/72,100%,Polyester,Natural,STRETC,,,28.0
18233.0,1/150/48|100%|Polyester|BRT TRILOB,2527.35,2335.4,0.0,3428.68,1.05,3600.110454,PROMPTEX YARNS INC,1/150/48,100%,Polyester,BRT TRILOB,TRILOB,,,28.0
18261.0,30/1|70/20/10|Polyester/Cotton/Rayon|CADETGREY,12025.67,0.0,0.0,12025.67,2.2,26456.46964,SPUNLAB,30/1,70/20/10,Polyester/Cotton/Rayon,CADETGREY,8099,RS,,
18285.0,1/150/48|100%|Polyester|Navy,190.91,0.0,0.0,356.08,3.45,-1228.478327,MERIDIAN SPECIALTY YARN GROUP INC,1/150/48,100%,Polyester,Navy,NTS,,,18.0
18287.0,1/150/48|100%|Polyester|ROYAL,3705.0,0.0,0.0,3705.0,2.8,10374.0,MERIDIAN SPECIALTY YARN GROUP INC,1/150/48,100%,Polyester,ROYAL,,,,18.0
18290.0,1/150/48|100%|Polyester|Dawn Grey,5018.75,2617.2,0.0,71.78,5.1,-366.075909,UNIFI,1/150/48,100%,Polyester,Dawn Grey,GREY,,,36.0
18293.0,1/150/48|100%|Polyester|MAR ROYAL,1222.52,0.0,0.0,544.71,3.36,1830.229659,MERIDIAN SPECIALTY YARN GROUP INC,1/150/48,100%,Polyester,MAR ROYAL,ROYAL,MAR ROYAL,,18.0
18297.0,30/1|70/20/10|Polyester/Cotton/Rayon| 4% Black,84.0,0.0,0.0,84.0,2.8,235.2,SPUNLAB,30/1,70/20/10,Polyester/Cotton/Rayon, 4% Black,4%,reclaimed,heather,
18306.0,1/150/48|100%|Polyester|NEWROBEGG,4393.44,0.0,0.0,4336.23,2.8,12141.451,MERIDIAN SPECIALTY YARN GROUP INC,1/150/48,100%,Polyester,NEWROBEGG,NTS,,,18.0
18307.0,1/150/48|100%|Polyester|IRIS,1032.73,0.0,0.0,758.05,3.36,2547.054518,MERIDIAN SPECIALTY YARN GROUP INC,1/150/48,100%,Polyester,IRIS,,,,18.0
18312.0,30/1|100%|Polyester|OB,2647.6,0.0,0.0,2647.6,1.35,3574.26,PROMPTEX YARNS INC,30/1,100%,Polyester,OB,RS,,,28.0
18314.0,1/160/36|100%|Polyester|Black,517.0,0.0,0.0,517.0,1.2,620.4,PROMPTEX YARNS INC,1/160/36,100%,Polyester,Black,STRNTS,,,28.0
18315.0,1/160/36|100%|Polyester|Black,407.0,0.0,0.0,407.0,1.05,427.35,PROMPTEX YARNS INC,1/160/36,100%,Polyester,Black,SETLTS,,,28.0
18317.0,1/200/192|100%|Polyester|Natural,3972.0,0.0,0.0,3972.0,1.9,7546.8,CS AMERICA,1/200/192,100%,Polyester,Natural,SETSTS,,,9.0
18318.0,30/1|70/10/20|Polyester/Cotton/Rayon| 12% Black,229.0,0.0,0.0,229.0,3.04,696.16,SPUNLAB,30/1,70/10/20,Polyester/Cotton/Rayon, 12% Black,12%,12%,Black,
18319.0,24/1|100%|Bamboo|Natural,307.3,0.0,0.0,307.3,2.97,912.681,KC TEX INC,24/1,100%,Bamboo,Natural,,,,17.0
18321.0,1/300/68|100%|Polyester|Natural,180.0,0.0,0.0,180.0,0.81,145.8,KC TEX INC,1/300/68,100%,Polyester,Natural,STRNTS,,,17.0
18327.0,30/1|80/12/8|Polyester/Rayon/Cotton|OXFRD HTH,1029.0,0.0,0.0,1029.0,3.05,3138.45,SPUNLAB,30/1,80/12/8,Polyester/Rayon/Cotton,OXFRD HTH,HTH,OXFRD HTH,RS,
18328.0,30/1|80/12/8|Polyester/Rayon/Cotton|CAVRN,763.0,0.0,0.0,763.0,3.47,2647.61,SPUNLAB,30/1,80/12/8,Polyester/Rayon/Cotton,CAVRN,40%,Black,,
18332.0,30/1|80/12/8|Polyester/Rayon/Cotton| 60% Black,170.24,0.0,0.0,170.24,2.76,469.8696743,SPUNLAB,30/1,80/12/8,Polyester/Rayon/Cotton, 60% Black,60%,60%,Black,
18334.0,60/1|100%|Combed Cotton|Natural,40983.03,0.0,0.0,39235.11,4.08,160079.2654,"BIELTEX, S.L.",60/1,100%,Combed Cotton,Natural,NAT,RS,,5.0
18343.0,3/300/72|100%|Polyester|Natural,-304.55,0.0,0.0,304.55,1.05,-319.7754699,PROMPTEX YARNS INC,3/300/72,100%,Polyester,Natural,Stretch,low,tac,28.0
18356.0,1/150/48|100%|Polyester|CARIBBEAN,480.0,0.0,0.0,480.0,2.75,1320.0,MERIDIAN SPECIALTY YARN GROUP INC,1/150/48,100%,Polyester,CARIBBEAN,1274,,,18.0
18357.0,1/150/48|100%|Polyester|SLATE,417.0,0.0,0.0,417.0,2.75,1146.75,MERIDIAN SPECIALTY YARN GROUP INC,1/150/48,100%,Polyester,SLATE,1273,,,18.0
18358.0,1/150/48|100%|Polyester|COBALT,1312.34,0.0,0.0,1232.34,3.2,3943.48048,MERIDIAN SPECIALTY YARN GROUP INC,1/150/48,100%,Polyester,COBALT,1275,,,18.0
18359.0,20/1|100%|Polyester|Natural,6461.7,0.0,0.0,6461.7,1.2,7754.04,PROMPTEX YARNS INC,20/1,100%,Polyester,Natural,RS,,,28.0
18360.0,1/150/48|100%|Polyester|Natural,298.0,0.0,0.0,298.0,0.72,214.56,NORMTEX,1/150/48,100%,Polyester,Natural,SET,TS,,
18361.0,20/1|100%|Tencel|Natural,826.9,0.0,0.0,826.9,2.9,2398.01,BUHLER QUALITY YARNS CORP,20/1,100%,Tencel,Natural,RS,,,6.0
18363.0,1/75/36|100%|Polyester|Black,2784.8,0.0,0.0,2784.8,1.68,4678.457552,PROMPTEX YARNS INC,1/75/36,100%,Polyester,Black,SOLDY,STRLTS,,28.0
18372.0,1/150/48|100%|Polyester|Black,2540.05,410.1,0.0,1132.26,1.12,1268.131926,DECA GLOBAL,1/150/48,100%,Polyester,Black,,,,10.0
18373.0,2/150/48|100%|Polyester|Black,284.1,134.0,0.0,418.1,1.26,526.8045235,DECA GLOBAL,2/150/48,100%,Polyester,Black,,,,10.0
18376.0,30/1|100%|Polyester|Natural,6936.34,0.0,0.0,1020.72,1.42,1449.418093,DECA GLOBAL,30/1,100%,Polyester,Natural,RS,,,10.0
18383.0,1/150/48|100%|Polyester|SILVRCOIN,1169.0,0.0,0.0,1169.0,2.8,3273.2,MERIDIAN SPECIALTY YARN GROUP INC,1/150/48,100%,Polyester,SILVRCOIN,SETLTS,,,18.0
18391.0,2/300/68|100%|Polyester|Natural,143.0,0.0,0.0,143.0,1.06,151.58,PROMPTEX YARNS INC,2/300/68,100%,Polyester,Natural,Stretch,low,tac,28.0
18396.0,1/70/68|100%|Polyester|OYST MUSH,558.0,0.0,0.0,558.0,5.45,3041.1,UNIFI,1/70/68,100%,Polyester,OYST MUSH,MUSH,OYST MUSH,,36.0
18413.0,1/300/68|100%|Polyester|Natural,276.08,42000.0,0.0,42276.08,0.92,38893.99194,DECA GLOBAL,1/300/68,100%,Polyester,Natural,STR,,,10.0
18414.0,3/300/72|100%|Polyester|Natural,12539.98,34424.0,0.0,44903.96,1.1,49394.35797,DECA GLOBAL,3/300/72,100%,Polyester,Natural,,,,10.0
18423.0,1/150/48|100%|Polyester|EMERALD,151.0,0.0,0.0,151.0,3.95,596.45,BURLINGTON MANUFACTURING SERVICE,1/150/48,100%,Polyester,EMERALD,7714,,,
18426.0,24/1|100%|Bamboo|Natural,46917.06,0.0,0.0,45671.11,2.53,115547.915,DECA GLOBAL,24/1,100%,Bamboo,Natural,,,,10.0
18430.0,30/1|100%|Celliant|Natural,552.0,0.0,0.0,552.0,5.11,2820.72,SPUNLAB,30/1,100%,Celliant,Natural,,,,
18438.0,20/1|100%|Polyester|Natural,40161.52,0.0,0.0,35383.18,1.15,40690.6544,"BIELTEX, S.L.",20/1,100%,Polyester,Natural,,,,5.0
18439.0,30/1|100%|Polyester|Natural,59.1,0.0,0.0,59.1,1.19,70.33389828,"BIELTEX, S.L.",30/1,100%,Polyester,Natural,,,,5.0
18442.0,1/150/48|100%|Polyester|MINK,799.85,110.0,0.0,511.1,3.39,1732.63839,MERIDIAN SPECIALTY YARN GROUP INC,1/150/48,100%,Polyester,MINK,,,,18.0
18444.0,2/150/36|100%|Polyester|Merrimack,493.0,0.0,0.0,493.0,3.84,1893.117139,OMARA TEXTILES,2/150/36,100%,Polyester,Merrimack,A368,,,26.0
18452.0,1/150/72|100%|Polyester|BLK/WHT,1341.01,0.0,0.0,1315.53,1.25,1644.411497,DECA GLOBAL,1/150/72,100%,Polyester,BLK/WHT,STRIAT,,,10.0
18453.0,1/150/48|100%|Polyester|ICE BLUE,288.67,0.0,0.0,288.67,3.34,964.1684346,MERIDIAN SPECIALTY YARN GROUP INC,1/150/48,100%,Polyester,ICE BLUE,BLUE,ICE BLUE,,18.0
18454.0,1/150/48|100%|Polyester|MOCHA,3517.61,0.0,0.0,3510.99,3.17,11129.82662,MERIDIAN SPECIALTY YARN GROUP INC,1/150/48,100%,Polyester,MOCHA,,,,18.0
18457.0,1/75/72|100%|Polyester|Natural,950.0,0.0,0.0,950.0,1.21,1149.5,CS AMERICA,1/75/72,100%,Polyester,Natural,Dull,CICLO,RPET,9.0
18465.0,1/150/48|100%|Polyester|Capri,156.32,0.0,0.0,46.18,3.31,-152.8614078,MERIDIAN SPECIALTY YARN GROUP INC,1/150/48,100%,Polyester,Capri,,,,18.0
18466.0,30/1|100%|Tencel|Natural,351.0,0.0,0.0,351.0,4.54,1593.54,BUHLER QUALITY YARNS CORP,30/1,100%,Tencel,Natural,A100,RS,,6.0
18467.0,1/165/36|100%|Polyester|Black,109.0,0.0,0.0,109.0,1.2,130.8,PROMPTEX YARNS INC,1/165/36,100%,Polyester,Black,PTY,2H,SET,28.0
18469.0,1/50/1|100%|Polyester|Natural,4927.8,0.0,0.0,3905.73,1.4,5468.018294,HYOSUNG HOLDINGS USA INC,1/50/1,100%,Polyester,Natural,Dull,Monofilament,,16.0
18475.0,1/150/48|100%|Polyester|China Grey,245.0,0.0,0.0,245.0,3.36,823.2,MERIDIAN SPECIALTY YARN GROUP INC,1/150/48,100%,Polyester,China Grey,Grey,,,18.0
18476.0,1/200/100|100%|Polyethylene|Natural,450.7,0.0,0.0,450.7,9.25,4168.975,TEXPERTS CANADA INC,1/200/100,100%,Polyethylene,Natural,Set,,,35.0
18477.0,1/210/144|40/60|Polyethylene/Polyester|Natural,565.0,0.0,0.0,565.0,8.0,4520.0,TEXPERTS CANADA INC,1/210/144,40/60,Polyethylene/Polyester,Natural,Set,,,35.0
18489.0,1/180/48|100%|Polyethylene|Natural,3740.7,0.0,0.0,3740.7,12.99,48591.693,SUPREME CORPORATION,1/180/48,100%,Polyethylene,Natural,,,,
18507.0,1/200/192|100%|Polyester|Natural,125.0,0.0,0.0,125.0,0.92,115.0,DECA GLOBAL,1/200/192,100%,Polyester,Natural,,,,10.0
18513.0,1/150/48|100%|Polyester|Ash,1110.0,0.0,0.0,1110.0,2.8,3108.0,MERIDIAN SPECIALTY YARN GROUP INC,1/150/48,100%,Polyester,Ash,Grey,4015-01470,,18.0
18514.0,1/150/48|100%|Polyester|Black,40.0,0.0,0.0,40.0,0.98,39.2,NORMTEX,1/150/48,100%,Polyester,Black,Set,,,
18517.0,1/100/96|100%|Polyester|Natural,543.33,0.0,0.0,479.06,1.09,522.1799889,DECA GLOBAL,1/100/96,100%,Polyester,Natural,Z,,,10.0
18547.0,1/150/48|100%|Polyester|Pewter,1796.0,0.0,0.0,1796.0,2.8,5028.8,MERIDIAN SPECIALTY YARN GROUP INC,1/150/48,100%,Polyester,Pewter,,,,18.0
18553.0,28/1|80/20|Celliant/Polyester|Natural,2483.72,0.0,0.0,2483.72,6.56,16293.20551,SPUNLAB,28/1,80/20,Celliant/Polyester,Natural,RS,,,
18555.0,1/150/48|100%|Polyester|Blush,1200.0,0.0,0.0,1200.0,3.26,3912.0,MERIDIAN SPECIALTY YARN GROUP INC,1/150/48,100%,Polyester,Blush,4015-01461-A,,,18.0
18556.0,1/150/48|100%|Polyester|Dorian,1099.0,0.0,0.0,1099.0,2.8,3077.2,MERIDIAN SPECIALTY YARN GROUP INC,1/150/48,100%,Polyester,Dorian,Grey,4015-01524-F2,,18.0
18559.0,1/150/48|100%|Polyester|Daybreak,767.25,0.0,0.0,763.68,3.29,2512.515074,MERIDIAN SPECIALTY YARN GROUP INC,1/150/48,100%,Polyester,Daybreak,,,,18.0
18563.0,1/150/48|100%|Polyester|Black,33.0,0.0,0.0,33.0,1.28,42.24,AKRA POLYESTER GROUP/DAK,1/150/48,100%,Polyester,Black,SETNTS,,,
18566.0,1/150/48|100%|Polyester|Natural,150.0,0.0,0.0,150.0,1.42,213.0,AKRA POLYESTER GROUP/DAK,1/150/48,100%,Polyester,Natural,Set,NTS,,
18569.0,1/200/192|100%|Polyester|Natural,9515.22,0.0,0.0,3150.51,1.68,5292.85287,DECA GLOBAL,1/200/192,100%,Polyester,Natural,,,,10.0
18570.0,1/150/48|100%|Polyester|Dovetail,1156.0,0.0,0.0,1156.0,2.8,3236.8,MERIDIAN SPECIALTY YARN GROUP INC,1/150/48,100%,Polyester,Dovetail,,,,18.0
18576.0,20/1|100%|Combed Cotton|Natural,1461.58,0.0,0.0,1461.58,2.71,3960.885589,PARKDALE YARN MILLS,20/1,100%,Combed Cotton,Natural,Natural,Z,RS,27.0
18593.0,1/150/136|100%|Polyester|Natural,1312.4,0.0,0.0,1312.4,2.86,3753.464,UNIFI,1/150/136,100%,Polyester,Natural,Repreve,PC,-,36.0
18594.0,1/300/120|100%|Polyethylene|Natural,14582.47,76212.0,0.0,84929.39,5.21,442482.1393,VERTEX,1/300/120,100%,Polyethylene,Natural,,,,37.0
18598.0,1/150/48|100%|Polyester|Paris Blue,4886.54,0.0,0.0,2841.29,3.36,9546.737155,MERIDIAN SPECIALTY YARN GROUP INC,1/150/48,100%,Polyester,Paris Blue,Blue,Paris Blue,,18.0
18604.0,30/1|50/50|Polyester/Recycled Cotton|Crudo,137.42,0.0,0.0,137.42,3.31,454.8478868,R BELDA LLORENS,30/1,50/50,Polyester/Recycled Cotton,Crudo,Crudo,Nat,recycled,29.0
18605.0,30/1|50/50|Polyester/Recycled Cotton|Lino,1104.9,0.0,0.0,1104.9,3.53,3900.297,R BELDA LLORENS,30/1,50/50,Polyester/Recycled Cotton,Lino,Lino,recycled,polyester/recycled,29.0
18609.0,2/150/50|100%|Polyester|Sand,131.0,0.0,0.0,131.0,5.11,669.41,MERIDIAN SPECIALTY YARN GROUP INC,2/150/50,100%,Polyester,Sand,Dollar,C39705Y,,18.0
18610.0,1/150/48|100%|Polyester|Lime,883.0,0.0,0.0,883.0,3.38,2984.54,MERIDIAN SPECIALTY YARN GROUP INC,1/150/48,100%,Polyester,Lime,1459,,,18.0
18613.0,1/150/48|100%|Polyester|Merrimack,278.28,0.0,0.0,278.28,2.18,606.6452796,AKRA POLYESTER GROUP/DAK,1/150/48,100%,Polyester,Merrimack,Grey Merrimack,,,
18614.0,1/150/48|100%|Polyester|Stealth,6845.44,0.0,0.0,6845.44,2.24,15333.79205,AKRA POLYESTER GROUP/DAK,1/150/48,100%,Polyester,Stealth,Grey Stealth,,,
18615.0,1/150/48|100%|Polyester|South,4284.99,0.0,0.0,4283.81,2.13,9124.516049,AKRA POLYESTER GROUP/DAK,1/150/48,100%,Polyester,South,Sea,,,
18616.0,1/150/48|100%|Polyester|Blue Navy,630.42,0.0,0.0,630.42,2.23,1405.845549,AKRA POLYESTER GROUP/DAK,1/150/48,100%,Polyester,Blue Navy,Navy,Blue Navy,,
18617.0,1/150/48|100%|Polyester|Grey Renol,4116.5,0.0,0.0,4107.57,2.33,9570.6381,AKRA POLYESTER GROUP/DAK,1/150/48,100%,Polyester,Grey Renol,Grey Renol,,,
18618.0,1/150/48|100%|Polyester|Silver,490.37,0.0,0.0,490.37,1.81,887.5633947,AKRA POLYESTER GROUP/DAK,1/150/48,100%,Polyester,Silver,,,,
18620.0,1/150/48|100%|Polyester|Natural,11110.22,0.0,0.0,11110.22,2.41,26775.62389,UNIFI,1/150/48,100%,Polyester,Natural,SET,TS,(REPREVE),36.0
18622.0,1/150/48|100%|Polyester|Basalt,753.04,0.0,0.0,753.04,2.66,2003.093827,OMARA TEXTILES,1/150/48,100%,Polyester,Basalt,HOY,Flat,Bright,26.0
18623.0,1/150/48|100%|Polyester|Maldive,2163.62,0.0,0.0,2156.96,2.92,6298.325542,OMARA TEXTILES,1/150/48,100%,Polyester,Maldive,HOY,Flat,Bright,26.0
18625.0,1/150/48|100%|Polyester|Aqua,1520.0,0.0,0.0,1520.0,2.91,4423.2,MERIDIAN SPECIALTY YARN GROUP INC,1/150/48,100%,Polyester,Aqua,,,,18.0
18628.0,1/150/48|100%|Polyester|Bahama,1889.25,0.0,0.0,1889.25,2.91,5497.731116,OMARA TEXTILES,1/150/48,100%,Polyester,Bahama,HOY,Flat,Bright,26.0
18629.0,30/1|50/50|Polyester/Recycled Cotton|Evening Haze,252.93,0.0,0.0,28.93,3.65,105.5828784,R BELDA LLORENS,30/1,50/50,Polyester/Recycled Cotton,Evening Haze,Haze,Evening Haze,recycled,29.0
18630.0,30/1|50/50|Polyester/Recycled Cotton|Marrion,365.8,0.0,0.0,365.8,3.58,1309.564,R BELDA LLORENS,30/1,50/50,Polyester/Recycled Cotton,Marrion,Marrion,recycled,poly/recycled,29.0
18632.0,30/1|100%|Polyester|Cinder,56.0,0.0,0.0,56.0,1.29,72.24,BANSWARA SYNTEX LIMITED,30/1,100%,Polyester,Cinder,1202527-A,,,3.0
18633.0,30/1|100%|Polyester|Anthracite,57.0,0.0,0.0,57.0,1.29,73.53,BANSWARA SYNTEX LIMITED,30/1,100%,Polyester,Anthracite,1202530-A,,,3.0
18639.0,2/225/68|100%|Polyester|Natural,808.0,0.0,0.0,808.0,1.35,1090.8,PROMPTEX YARNS INC,2/225/68,100%,Polyester,Natural,,,,28.0
18644.0,2/150/48|100%|Polyester|Black,218.74,0.0,0.0,218.74,1.26,275.608935,PROMPTEX YARNS INC,2/150/48,100%,Polyester,Black,,,,28.0
18649.0,30/1|50/50|Polyester/Recycled Cotton|Optico,538.9,0.0,0.0,538.9,3.65,1966.985,R BELDA LLORENS,30/1,50/50,Polyester/Recycled Cotton,Optico,Optico,31,,29.0
18651.0,1/300/120|100%|Polyethylene|Blue,1124.0,0.0,0.0,1124.0,8.1,9104.4,VERTEX,1/300/120,100%,Polyethylene,Blue,,,,37.0
18653.0,1/180/204|100%|Polyester|Natural,645.9,0.0,0.0,645.9,3.09,1995.831,UNIFI,1/180/204,100%,Polyester,Natural,Repreve,REPREV,,36.0
18655.0,1-Dec|100%|Rayon|Natural,32.0,0.0,0.0,32.0,0.0,0.0,SPUNGOLD,12/1,100%,Rayon,Natural,FR,,,32.0
18658.0,1-Dec|60/40|Cotton/Polyester|Natural,139.0,0.0,0.0,139.0,1.48,205.72,PARKDALE YARN MILLS,12/1,60/40,Karded Cotton/Poly,Natural,Natural,OE,,27.0
18660.0,4/300/68|100%|Polyester|Natural,270.0,0.0,0.0,270.0,2.15,580.510535,UNIFI,4/300/68,100%,Polyester,Natural,Repreve,,,36.0
18667.0,1/150/48|100%|Polyester|Dusk Blue,4509.53,0.0,0.0,4327.53,3.36,14540.49753,MERIDIAN SPECIALTY YARN GROUP INC,1/150/48,100%,Polyester,Dusk Blue,Blue,,,18.0
18673.0,1/150/48|100%|Polyester|COOL GREY,5638.16,0.0,0.0,4327.54,1.82,7876.129884,DECA GLOBAL,1/150/48,100%,Polyester,COOL GREY,Grey,7445-02,,10.0
18674.0,1/150/48|100%|Polyester|Purple,11901.4,0.0,0.0,11901.4,1.84,21898.576,DECA GLOBAL,1/150/48,100%,Polyester,Purple,5358-01,,,10.0
18679.0,1/70/68|100%|Polyester|Natural,728.6,0.0,0.0,728.6,2.67,1945.360014,UNIFI,1/70/68,100%,Polyester,Natural,Celliant,Repreve,,36.0
18690.0,1/300/68|100%|Polyethylene|Natural,5039.56,0.0,0.0,5039.56,4.15,20914.18316,MINIFIBERS,1/300/68,100%,Polyethylene,Natural,MUST,HAVE,APPROVAL,20.0
18706.0,1-Nov|59/41|Modacrylic/Fiberglass|Natural,1274.44,986.3,0.0,270.94,5.15,1395.33517,"SPRINGS CREATIVE PRODUCTS GROUP, LLC",11/1,59/41,Modacrylic/Fiberglass,Natural,,,,31.0
18710.0,18/1|90/10|Cotton/Polyester|Black,2286.0,0.0,0.0,2286.0,1.62,3703.32,PARKDALE YARN MILLS,18/1,90/10,Karded Cotton/Poly,Black,Black,10%,OE,27.0
18712.0,1/150/48|100%|Polyester|ST,6889.24,0.0,0.0,5301.15,3.36,17811.8576,MERIDIAN SPECIALTY YARN GROUP INC,1/150/48,100%,Polyester,ST,LUCIA,4015-01684-A,,18.0
18713.0,1/150/50|100%|Polyethylene|Natural,109.11,0.0,0.0,109.11,5.58,608.859208,MINIFIBERS,1/150/50,100%,Polyethylene,Natural,MUST,HAVE,APPROVAL,20.0
18719.0,1/300/68|100%|Nylon|Natural,1831.0,0.0,0.0,1831.0,5.36,9814.16,OMARA TEXTILES,1/300/68,100%,Nylon,Natural,Flat,Econyl,K716,26.0
18724.0,1/150/68|100%|Nylon|Natural,473.0,0.0,0.0,473.0,5.46,2582.58,OMARA TEXTILES,1/150/68,100%,Nylon,Natural,Flat,Econyl,K716,26.0
18725.0,1/150/48|100%|Polyester|Lookout,204.49,0.0,0.0,204.49,3.36,687.0822477,MERIDIAN SPECIALTY YARN GROUP INC,1/150/48,100%,Polyester,Lookout,4015-0178-A,,,18.0
18726.0,1-Aug|100%|Karded Cotton|Natural,1474.28,0.0,0.0,1474.28,1.44,2122.963038,PARKDALE YARN MILLS,8/1,100%,Karded Cotton,Natural,Natural,OE,,27.0
18728.0,1/150/48|100%|Polyester|INDIGO,495.0,0.0,0.0,495.0,3.36,1663.2,MERIDIAN SPECIALTY YARN GROUP INC,1/150/48,100%,Polyester,INDIGO,4015-01709-A,,,18.0
18733.0,1/150/48|100%|Polyester|Orange,1612.7,16.0,0.0,1461.66,3.36,4911.162305,MERIDIAN SPECIALTY YARN GROUP INC,1/150/48,100%,Polyester,Orange,LW,TK,poly,18.0
18734.0,1/200|100%|Polyethylene|STORMY,538.0,0.0,0.0,538.0,5.0,2690.0,OMARA TEXTILES,1/200,100%,Polyethylene,STORMY,,,,26.0
18737.0,1/150/48|100%|Polyester|Cashmere,6925.65,9514.8,0.0,14695.84,2.36,34682.17631,MUTU GADING TEKSTIL,1/150/48,100%,Polyester,Cashmere,PL5402-01,,,22.0
18748.0,20/1|90/10|Cotton/Polyester|Black,806.7,0.0,0.0,806.7,2.69,2170.023,PARKDALE YARN MILLS,20/1,90/10,Karded Cotton/Poly,Black,Black,10%,RS,27.0
18753.0,1/150/48|100%|Polyester|Natural,583.0,0.0,0.0,583.0,3.36,1958.88,MERIDIAN SPECIALTY YARN GROUP INC,1/150/48,100%,Polyester,Natural,4015-01670,,,18.0
18755.0,1/150/48|100%|Polyester|Shamrock,126.0,0.0,0.0,126.0,3.36,423.36,MERIDIAN SPECIALTY YARN GROUP INC,1/150/48,100%,Polyester,Shamrock,4015-01668,,,18.0
18756.0,1/300/120|100%|Polyethylene|Sky,1638.52,0.0,0.0,1638.52,7.29,11944.79526,VERTEX,1/300/120,100%,Polyethylene,Sky,Blue,Melange,,37.0
18761.0,1/150/50|100%|Polyethylene|Natural,19.0,0.0,0.0,19.0,5.24,99.56,MINIFIBERS,1/150/50,100%,Polyethylene,Natural,Dull,LLDPE,-,20.0
18763.0,2/300/68|100%|Polyester|Natural,8709.72,37575.0,0.0,27818.77,1.13,31435.21077,MUTU GADING TEKSTIL,2/300/68,100%,Polyester,Natural,LIM,(Low,Intermingle),22.0
18765.0,1/150/48|100%|Polyester|INDIGO,93.0,0.0,0.0,93.0,3.8,353.4,OMARA TEXTILES,1/150/48,100%,Polyester,INDIGO,INDIGO,A840,,26.0
18766.0,1/150/48|100%|Polyester|Aqua,1120.0,0.0,0.0,1120.0,3.4,3808.0,OMARA TEXTILES,1/150/48,100%,Polyester,Aqua,A487,,,26.0
18773.0,1/300/120|100%|Polyethylene|Haze,1736.84,0.0,0.0,410.84,7.44,3056.653409,VERTEX,1/300/120,100%,Polyethylene,Haze,Melange,,,37.0
18776.0,1/300/120|100%|Polyethylene|Argent,1174.0,0.0,0.0,1174.0,7.45,8746.3,VERTEX,1/300/120,100%,Polyethylene,Argent,Melange,,,37.0
18782.0,30/1|100%|Combed Cotton|Natural,192.0,0.0,0.0,192.0,3.4,652.8,DECA GLOBAL,30/1,100%,Combed Cotton,Natural,Natural,Organic,RS,10.0
18784.0,30/1|50/50|Polyester/Recycled Cotton|Azulon,206.0,0.0,0.0,206.0,3.46,712.76,R BELDA LLORENS,30/1,50/50,Polyester/Recycled Cotton,Azulon,Azulon,recyled,poly/recycled,29.0
18785.0,1/300/120|100%|Polyethylene|Dark Grey,983.58,10340.0,0.0,11323.58,8.12,91947.50766,VERTEX,1/300/120,100%,Polyethylene,Dark Grey,Grey,,,37.0
18787.0,1/150/48|100%|Polyester|Dawn Grey,4175.0,0.0,0.0,4175.0,3.36,14028.0,MERIDIAN SPECIALTY YARN GROUP INC,1/150/48,100%,Polyester,Dawn Grey,Grey,,,18.0
18789.0,1/150/48|100%|Polyester|Orange,50.0,0.0,0.0,50.0,0.0,0.0,DECA GLOBAL,1/150/48,100%,Polyester,Orange,3373-02,,,10.0
18794.0,2/300/68|100%|Polyester|Black,1583.05,0.0,0.0,1514.86,1.65,2499.521555,DECA GLOBAL,2/300/68,100%,Polyester,Black,S&Z,BSD,DH,10.0
18800.0,24/1|100%|Combed Cotton|Meadow,1072.0,0.0,0.0,1072.0,8.55,9165.6,MERIDIAN SPECIALTY YARN GROUP INC,24/1,100%,Combed Cotton,Meadow,Meadow,RS,,18.0
18819.0,1/150/48|100%|Polyester|Brown Mink,496.62,0.0,0.0,496.62,3.36,1668.641238,MERIDIAN SPECIALTY YARN GROUP INC,1/150/48,100%,Polyester,Brown Mink,Mink,,,18.0
18821.0,24/1|100%|Combed Cotton|Hazelnut,811.0,0.0,0.0,811.0,8.55,6934.05,MERIDIAN SPECIALTY YARN GROUP INC,24/1,100%,Combed Cotton,Hazelnut,Hazelnut,RS,,18.0
18826.0,20/2|100%|Combed Cotton|Natural,3065.29,0.0,0.0,3065.29,2.8,8582.807022,DUNAWAY YARNS INC,20/2,100%,Combed Cotton,Natural,Natural,GOTS,RS,11.0
18830.0,1-Jan|100%|Lurex|Silver,88.0,0.0,0.0,88.0,9.49,835.12,MERIDIAN SPECIALTY YARN GROUP INC,1/1,100%,Lurex,Silver,Metalic,,,18.0
18832.0,30/1|60/40|Polyester/Recycled Cotton|Marino,2710.22,0.0,0.0,2710.22,3.9,10569.83854,HICKORY THROWING COMPANY,30/1,60/40,Polyester/Recycled Cotton,Marino,Cotton,Marino,OE,15.0
18835.0,20/1|100%|Combed Cotton|Caraway,452.42,0.0,0.0,452.42,6.34,2868.361731,MERIDIAN SPECIALTY YARN GROUP INC,20/1,100%,Combed Cotton,Caraway,Caraway,GOTS,-,18.0
18836.0,20/1|100%|Combed Cotton|Almond,362.0,0.0,0.0,362.0,6.27,2269.74,MERIDIAN SPECIALTY YARN GROUP INC,20/1,100%,Combed Cotton,Almond,Almond,GOTS,-,18.0
18843.0,1/150/50|100%|Polyethylene|Soft,172.0,0.0,0.0,172.0,0.0,0.0,MINIFIBERS,1/150/50,100%,Polyethylene,Soft,White,LLDPE,-,20.0
18845.0,1/75/72|100%|Polyester|Natural,3541.19,0.0,0.0,764.79,1.2,917.7432,CS AMERICA,1/75/72,100%,Polyester,Natural,Non,Metered,-,9.0
18847.0,1/300/144|100%|Polypropylene|Natural,-43.12,0.0,0.0,43.12,3.4,-146.6160811,"MIKE BECKER, INC",1/300/144,100%,Polypropylene,Natural,,,,19.0
18849.0,1/150/50|100%|Polyethylene|Black,297.0,0.0,0.0,297.0,4.97,1476.09,MINIFIBERS,1/150/50,100%,Polyethylene,Black,MUST,HAVE,APPROVAL,20.0
18852.0,20/1|60/40|Celliant/Polyester|Natural,160.0,0.0,0.0,160.0,5.39,862.4,SPUNLAB,20/1,60/40,Celliant/Polyester,Natural,,,,
18853.0,18/1|98/2|Cotton/Polyester| 2% Black,673.2,0.0,0.0,673.2,1.57,1056.924,PARKDALE YARN MILLS,18/1,98/2,Karded Cotton/Poly, 2% Black,2%,Black,,27.0
18854.0,30/1|98/2|Cotton/Polyester|Black,2946.1,0.0,0.0,2946.1,1.82,5361.902,PARKDALE YARN MILLS,30/1,98/2,Karded Cotton/Poly,Black,Black,2%,2%,27.0
18856.0,1/300/100|100%|Polyethylene|Natural,228.37,0.0,0.0,228.37,4.15,947.7415424,MINIFIBERS,1/300/100,100%,Polyethylene,Natural,MUST,HAVE,APPROVAL,20.0
18865.0,1/70/34|100%|Polyester|Natural,4702.01,1246.3,0.0,79702.06,1.12,-89266.31098,UNIFI,1/70/34,100%,Polyester,Natural,Set,TS,-,36.0
18866.0,1/150/96|100%|Polyester|OB,711.0,0.0,0.0,711.0,0.8,568.8,DECA GLOBAL,1/150/96,100%,Polyester,OB,,,,10.0
18867.0,30/1|50/50|Polyester/Recycled Cotton|Anthracite,66.0,0.0,0.0,66.0,3.15,207.9,R BELDA LLORENS,30/1,50/50,Polyester/Recycled Cotton,Anthracite,Anthracite,57,,29.0
18868.0,30/1|60/40|Polyester/Recycled Cotton|Anil,323.09,0.0,0.0,995.98,3.9,-3884.303467,FERR,30/1,60/40,Polyester/Recycled Cotton,Anil,Cotton,Anil,,13.0
18872.0,30/1|98/2|Polyester| 2% Black,14371.02,0.0,0.0,14278.05,2.06,29412.78905,PARKDALE YARN MILLS,30/1,98/2,Polyester, 2% Black,2%,Black,Polyester,27.0
18876.0,20/1|100%|Combed Cotton|Natural,1071.91,0.0,0.0,1071.91,2.65,2840.5585,DUNAWAY YARNS INC,20/1,100%,Combed Cotton,Natural,Natural,GOTS,RS,11.0
18878.0,18/1|65/35|Polyester/Cotton| 65% Black,3358.53,0.0,0.0,3173.6,1.47,4665.192997,DECA GLOBAL,18/1,65/35,Polyester/Cotton, 65% Black,65%,,,10.0
18886.0,30/1|50/50|Polyester/Cotton|Marino,11.92,0.0,0.0,11.92,3.56,42.45240192,"EDPA USA, LLC",30/1,50/50,Polyester/Cotton,Marino,OE,,,12.0
18887.0,24/1|100%|Polyester| 2% Black,3768.5,0.0,0.0,3768.5,1.91,7197.835,"EDPA USA, LLC",24/1,100%,Polyester, 2% Black,,,,12.0
18888.0,30/1|50/50|Polyester/Cotton| 50% Black,763.34,0.0,0.0,114.61,2.56,-293.40672,"EDPA USA, LLC",30/1,50/50,Polyester/Cotton, 50% Black,50%,,,12.0
18890.0,30/1|50/50|Polyester/Cotton| 2% Black,6118.4,0.0,0.0,6118.4,2.56,15663.104,"EDPA USA, LLC",30/1,50/50,Polyester/Cotton, 2% Black,,,,12.0
18891.0,30/1|50/50|Polyester/Cotton|Evening Haze,2441.4,0.0,0.0,2441.4,2.56,6249.984,"EDPA USA, LLC",30/1,50/50,Polyester/Cotton,Evening Haze,Haze,Evening Haze,,12.0
18892.0,1/150/48|100%|Polyester|Geko Grey,358.15,0.0,0.0,1711.26,2.15,-3679.21923,DECA GLOBAL,1/150/48,100%,Polyester,Geko Grey,Grey,,,10.0
18893.0,1/150/48|100%|Polyester|Connect Blue,723.15,12000.0,0.0,12315.65,2.2,27094.42885,DECA GLOBAL,1/150/48,100%,Polyester,Connect Blue,Blue,Connect Blue,,10.0
18894.0,1/150/48|100%|Polyester|Torso,6151.2,10.0,0.0,2651.47,2.15,5700.66863,DECA GLOBAL,1/150/48,100%,Polyester,Torso,Blue,,,10.0
18895.0,28/1|67/33|Polyester/Viscose| 2% Black,3815.4,0.0,0.0,3815.4,1.52,5799.408,MURAT YAPI,28/1,67/33,Polyester/Viscose, 2% Black,PV,KARIP,,21.0
18899.0,30/1|98/2|Polyester| 2% Black,1039.46,0.0,0.0,550.92,3.78,2082.474319,PARKDALE YARN MILLS,30/1,98/2,Polyester, 2% Black,2%,MVS,,27.0
18900.0,30/1|96/4|Polyester| 4% Black,3190.19,0.0,0.0,3163.94,3.58,11326.90324,PARKDALE YARN MILLS,30/1,96/4,Polyester, 4% Black,4%,MVS,,27.0
18910.0,30/1|99/1|Polyester| 1% Black,3325.66,0.0,0.0,3325.66,3.63,12072.1636,PARKDALE YARN MILLS,30/1,99/1,Polyester, 1% Black,1%,99%natural,poly/1%black,27.0
18912.0,1/150/48|100%|Polyester|Burgundy,3723.0,0.0,0.0,3723.0,3.36,12509.28,MERIDIAN SPECIALTY YARN GROUP INC,1/150/48,100%,Polyester,Burgundy,,,,18.0
18913.0,1/300/120|100%|Polyethylene|Midnight,2013.2,0.0,0.0,2013.2,8.72,17555.08026,VERTEX,1/300/120,100%,Polyethylene,Midnight,,,,37.0
18923.0,1/300/68|100%|Polypropylene|Natural,1002.94,0.0,0.0,1002.94,3.82,3831.238976,MINIFIBERS,1/300/68,100%,Polypropylene,Natural,100%,Recycled,,20.0
18927.0,2/300/68|100%|Polyester|Natural,12176.59,41006.4,0.0,50981.08,1.5,76471.62177,DECA GLOBAL,2/300/68,100%,Polyester,Natural,Recycled,SH,LIM,10.0
18930.0,30/1|100%|Combed Cotton|Caraway,558.0,0.0,0.0,558.0,6.44,3593.52,MERIDIAN SPECIALTY YARN GROUP INC,30/1,100%,Combed Cotton,Caraway,Caraway,GOTS,-,18.0
18931.0,30/1|100%|Combed Cotton|Almond,961.0,0.0,0.0,961.0,6.37,6121.57,MERIDIAN SPECIALTY YARN GROUP INC,30/1,100%,Combed Cotton,Almond,Almond,GOTS,-,18.0
18935.0,1/150/48|100%|Polyester|Tide,1843.17,0.0,0.0,1640.67,3.36,5512.650326,MERIDIAN SPECIALTY YARN GROUP INC,1/150/48,100%,Polyester,Tide,,,,18.0
18937.0,1/300/68|100%|Polypropylene|Navy,289.75,0.0,0.0,289.75,4.25,1231.430713,MINIFIBERS,1/300/68,100%,Polypropylene,Navy,,,,20.0
18939.0,1/300/68|100%|Polypropylene|Tan,520.72,0.0,0.0,520.72,4.25,2213.0583,MINIFIBERS,1/300/68,100%,Polypropylene,Tan,,,,20.0
18954.0,1/150/48|100%|Polyester|Fosse,4838.24,2670.0,0.0,6138.51,2.95,18108.60547,OMARA TEXTILES,1/150/48,100%,Polyester,Fosse,Ink,A1652,,26.0
18960.0,20/1|100%|Polyester|Black,335.57,0.0,0.0,335.57,6.91,2318.776824,MERIDIAN SPECIALTY YARN GROUP INC,20/1,100%,Polyester,Black,RS,,,18.0
18961.0,1/150/48|100%|Polyester|Dawn Grey,1374.17,0.0,0.0,598.15,2.45,1465.458743,OMARA TEXTILES,1/150/48,100%,Polyester,Dawn Grey,Grey,,,26.0
18966.0,1-Jan|100%|Lurex|Silver,297.82,0.0,0.0,297.82,9.5,2829.254774,Betareks A. S.,1/1,100%,Lurex,Silver,2X20,silver,lurex,4.0
18973.0,1/300/120|100%|Polyethylene|Haze,1293.2,0.0,0.0,1293.2,7.4,9569.68,VERTEX,1/300/120,100%,Polyethylene,Haze,Melange,2,,37.0
18987.0,4/300/72|100%|Polyester|Natural,10623.54,40000.0,0.0,48535.83,1.09,52904.05897,DECA GLOBAL,4/300/72,100%,Polyester,Natural,Dull,stretch,,10.0
18988.0,1/150/48|100%|Polyester|Raspberry,6339.0,2507.0,0.0,8846.0,3.55,31403.3,OMARA TEXTILES,1/150/48,100%,Polyester,Raspberry,SA1912M1,,,26.0
18990.0,30/1|90/10|Cotton/Polyester|Black,691.8,0.0,0.0,62.18,1.75,-108.819872,PARKDALE YARN MILLS,30/1,90/10,Combed Cotton/Poly,Black,Black,10%,10%,27.0
18993.0,1/75/36|100%|Polyester|Black,3216.92,36704.2,0.0,39921.12,1.75,69861.96308,DECA GLOBAL,1/75/36,100%,Polyester,Black,,,,10.0
18998.0,24/1|95/5|Polyester| 5% Black,5770.93,7517.4,0.0,13288.33,1.58,20995.56228,DECA GLOBAL,24/1,95/5,Polyester, 5% Black,5%,,,10.0
19000.0,30/1|90/10|Polyester| 10% Black,5568.8,0.0,0.0,5568.8,1.69,9411.272,DECA GLOBAL,30/1,90/10,Polyester, 10% Black,10%,RS,,10.0
19004.0,24/1|96/4|Polyester| 4% Black,2236.8,0.0,0.0,5247.07,3.56,-18679.56573,PARKDALE YARN MILLS,24/1,96/4,Polyester, 4% Black,4%,MVS,,27.0
19006.0,24/1|50/40/10|Cotton/Polyester| 10% Black,6507.44,0.0,0.0,5951.44,1.41,8391.529998,PARKDALE YARN MILLS,24/1,50/40/10,Karded Cotton/Poly, 10% Black,10%,Ashe,,27.0
19009.0,1/300/120|100%|Polyethylene|Black,0.0,8000.0,0.0,8000.0,0.0,0.0,VERTEX,1/300/120,100%,Polyethylene,Black,,,,37.0
19020.0,30/1|55/45|Polyester/Recycled Cotton|Indigo,3737.24,0.0,0.0,3737.24,3.65,13640.92886,R BELDA LLORENS,30/1,55/45,Polyester/Recycled Cotton,Indigo,Cotton,Indigo,V,29.0
19021.0,28/1|90/10|Cotton/Polyester|Black,3624.08,0.0,0.0,3624.08,2.4,8697.78385,PARKDALE YARN MILLS,28/1,90/10,Combed Cotton/Poly,Black,Black,10%,10%,27.0
19025.0,1-Jun|55/45|Tencel/Zoltek|Grey,0.0,7000.0,0.0,7000.0,0.0,0.0,CAP YARNS LLC,6/1,55/45,Tencel/Zoltek,Grey,,,,
19030.0,30/1|100%|Polyester|Natural,4000.8,0.0,0.0,4000.8,1.35,5401.08,DUNAWAY YARNS INC,30/1,100%,Polyester,Natural,RS,,,11.0
19033.0,20/1|60/40|Cotton/Polyester|Natural,64.0,3000.0,0.0,3064.0,0.0,0.0,DECA GLOBAL,20/1,60/40,Combed Cotton/Poly,Natural,Natural,RS,,10.0
19034.0,30/1|90/10|Polyester| 10% Black,6503.5,0.0,0.0,6503.5,1.65,10730.775,DUNAWAY YARNS INC,30/1,90/10,Polyester, 10% Black,10%,RS,,11.0
19040.0,24/1|100%|Combed Cotton|Natural,659.1,0.0,0.0,659.1,2.4,1581.8352,DUNAWAY YARNS INC,24/1,100%,Combed Cotton,Natural,Natural,Organic,RS,11.0
19046.0,24/1|95/5|Polyester| 5% Black,0.0,40000.0,0.0,40000.0,0.0,0.0,DUNAWAY YARNS INC,24/1,95/5,Polyester, 5% Black,5%,RS,,11.0
,,,,,,,,,,,,,,,,
,,,,,,,,,,,,,,,,
,,,,,,,,,,,,,,,,
